{"cameraMode":{"drawMode":0,"name":"Shaded","section":"Shading Mode"},"sceneLighting":false,"audioPlay":false,"sceneViewState":{"showFog":true,"showMaterialUpdate":false,"showSkybox":false,"showFlares":true,"showImageEffects":true,"showParticleSystems":true},"in2DMode":false,"pivot":{"x":-0.375,"y":1.1175870895385743e-8,"z":-1.1175870895385743e-8},"rotation":{"x":-0.12311059236526489,"y":0.17558787763118745,"z":-0.02209336683154106,"w":-0.97652667760849},"size":0.8180512189865112,"orthographic":true}