{"cameraMode":{"drawMode":0,"name":"Shaded","section":"Shading Mode"},"sceneLighting":false,"audioPlay":false,"sceneViewState":{"showFog":true,"showMaterialUpdate":false,"showSkybox":true,"showFlares":true,"showImageEffects":true,"showParticleSystems":true},"in2DMode":false,"pivot":{"x":0.0034899997990578415,"y":-0.008059999905526638,"z":0.001966986572369933},"rotation":{"x":0.16571065783500672,"y":0.4393417537212372,"z":-0.08282331377267838,"w":0.8790103197097778},"size":0.3040983974933624,"orthographic":false}