{"cameraMode":{"drawMode":0,"name":"Shaded","section":"Shading Mode"},"sceneLighting":false,"audioPlay":false,"sceneViewState":{"showFog":true,"showMaterialUpdate":false,"showSkybox":true,"showFlares":true,"showImageEffects":true,"showParticleSystems":true},"in2DMode":false,"pivot":{"x":4.0689697265625,"y":3.1969757080078127,"z":-6.2664794921875},"rotation":{"x":0.08229877054691315,"y":0.6565347909927368,"z":-0.07239929586648941,"w":0.7462890148162842},"size":0.25720998644828799,"orthographic":false}