{"cameraMode":{"drawMode":0,"name":"Shaded","section":"Shading Mode"},"sceneLighting":false,"audioPlay":false,"sceneViewState":{"showFog":true,"showMaterialUpdate":false,"showSkybox":true,"showFlares":true,"showImageEffects":true,"showParticleSystems":true},"in2DMode":false,"pivot":{"x":-0.5321495532989502,"y":0.045163094997406009,"z":0.2431555986404419},"rotation":{"x":0.14381524920463563,"y":0.014843333512544632,"z":-0.002156185684725642,"w":0.9894908666610718},"size":0.9040984511375427,"orthographic":false}