{"cameraMode":{"drawMode":0,"name":"Shaded","section":"Shading Mode"},"sceneLighting":false,"audioPlay":false,"sceneViewState":{"showFog":true,"showMaterialUpdate":false,"showSkybox":true,"showFlares":true,"showImageEffects":true,"showParticleSystems":true},"in2DMode":false,"pivot":{"x":1.1850125789642335,"y":2.4248340129852297,"z":0.21399648487567902},"rotation":{"x":0.09764070808887482,"y":0.7327623963356018,"z":-0.10762416571378708,"w":0.6647877097129822},"size":2.3572096824645998,"orthographic":false}