{"cameraMode":{"drawMode":0,"name":"Shaded","section":"Shading Mode"},"sceneLighting":false,"audioPlay":false,"sceneViewState":{"showFog":true,"showMaterialUpdate":false,"showSkybox":true,"showFlares":true,"showImageEffects":true,"showParticleSystems":true},"in2DMode":false,"pivot":{"x":4.528412342071533,"y":3.5744380950927736,"z":-3.9466302394866945},"rotation":{"x":0.08229877054691315,"y":0.6565347909927368,"z":-0.07239929586648941,"w":0.7462890148162842},"size":3.0395150184631349,"orthographic":false}