{"cameraMode":{"drawMode":0,"name":"Shaded","section":"Shading Mode"},"sceneLighting":false,"audioPlay":false,"sceneViewState":{"showFog":true,"showMaterialUpdate":false,"showSkybox":true,"showFlares":true,"showImageEffects":true,"showParticleSystems":true},"in2DMode":false,"pivot":{"x":4.148022651672363,"y":3.381695032119751,"z":-6.2280097007751469},"rotation":{"x":0.08229877054691315,"y":0.6565347909927368,"z":-0.07239929586648941,"w":0.7462890148162842},"size":0.25720998644828799,"orthographic":false}