{"cameraMode":{"drawMode":0,"name":"Shaded","section":"Shading Mode"},"sceneLighting":false,"audioPlay":false,"sceneViewState":{"showFog":true,"showMaterialUpdate":false,"showSkybox":true,"showFlares":true,"showImageEffects":true,"showParticleSystems":true},"in2DMode":false,"pivot":{"x":0.9997718930244446,"y":2.1223185062408449,"z":1.2814503908157349},"rotation":{"x":0.03994249179959297,"y":0.7158282995223999,"z":-0.04108474776148796,"w":0.6959214210510254},"size":0.5572096109390259,"orthographic":false}